<?xml version="1.0" encoding="UTF-8"?>
<!DOCTYPE hibernate-configuration PUBLIC
        "-//Hibernate/Hibernate Configuration DTD 3.0//EN"
        "http://www.hibernate.org/dtd/hibernate-configuration-3.0.dtd">

<hibernate-configuration>
    <session-factory>
        <property name="hibernate.connection.driver_class">com.mysql.cj.jdbc.Driver</property>
        <property name="hibernate.connection.url">jdbc:mysql://localhost:3306/emsi_db?serverTimezone=UTC</property>
        <property name="hibernate.connection.username">emsi_user</property>
        <property name="hibernate.connection.password">emsi_pass</property>

        <property name="hibernate.dialect">org.hibernate.dialect.MySQL8Dialect</property>

        <property name="hibernate.hbm2ddl.auto">create</property>

        <property name="hibernate.show_sql">true</property>
        <property name="hibernate.format_sql">true</property>

        <mapping resource="ma/emsi/entities/Client.hbm.xml"/>
        <mapping resource="ma/emsi/entities/Commande.hbm.xml"/>
    </session-factory>
</hibernate-configuration>